"plot_type","param","kind","default","example"
"col","x","column (from data_csv)","(required)","year"
"col","y","column (from data_csv)","(required)","purchasing_power"
"col","fill","column (from data_csv)","","group"
"col","fill_colour","literal","","#005faf"
"col","group","column (from data_csv)","","sector"
"col","group_gap","literal","0.8","0.8"
"col","position","literal","stack/dodge/fill (default: stack)","stack/dodge/fill (default: stack)"
"col","orientation","literal","vertical/horizontal (default: vertical)","vertical/horizontal (default: vertical)"
"col","sec_y","column (from data_csv)","","unemployment"
"col","sec_type","literal","line/point/col (default: line)","line/point/col (default: line)"
"col","sec_limits","literal","","0;100"
"col","sec_label","literal","","name of the second series"
"col","sec_ylab","literal","","unit of the right axis"
"col","sec_colour","literal","","#e6006e"
"col","sec_linewidth","literal","0.55","0.55"
"col","sec_points","literal","FALSE","FALSE"
"col","sec_point_size","literal","1.6","1.6"
"col","sec_col_width","literal","0.3","0.3"
"col","sec_accuracy","literal","","0.1"
"col","sec_scale_auto","literal","TRUE","TRUE"
"col","sec_at","literal","",""
"col","sec_labels","literal","",""
"col","y_r_scale_auto","literal","",""
"col","y_r_at","literal","",""
"col","y_r_lab","literal","",""
"col","y_r_lim","literal","",""
"col","palette","literal","qualitative","qualitative"
"col","fill_index","literal","","2;6"
"col","index","literal","","use colour_index or fill_index instead"
"col","pct_axis","literal","FALSE","FALSE"
"col","value_accuracy","literal","","0.1"
"col","value_breaks","literal","","0;25;50;75;100"
"col","value_limits","literal","","0;100"
"col","value_labels","literal","FALSE","FALSE"
"col","x_lim","literal","","2015;2025"
"col","x_lim_follow_data","literal","FALSE","FALSE"
"col","forecast_x","literal","","2025"
"col","forecast_label","literal","raming","raming"
"col","reverse_legend","literal","TRUE","TRUE"
"col","legend_ncol","literal","","2"
"col","legend_nrow","literal","",""
"col","facet","column (from data_csv)","","region"
"col","facet_ncol","literal","","2"
"col","facet_scales","literal","fixed","fixed"
"col","legend","literal","bottom","bottom"
"col","zeroline","literal","TRUE","TRUE"
"col","minor","literal","FALSE","FALSE"
"col","ticks","literal","TRUE","TRUE"
"col","flush_legend","literal","TRUE","TRUE"
"col","axis_text_size","literal","7","7"
"col","grid_colour","literal","black","black"
"col","grid_linewidth","literal","0.1","0.1"
"col","title","literal","","Title of the figure"
"col","subtitle","literal","","subtitle (replaces the default unit above the figure)"
"col","xlab","literal","","unit below the x axis"
"col","ylab","literal","","% change"
"col","legend_title","literal","","title of the legend"
"col","style","literal","dutch/english (default: dutch)","dutch/english (default: dutch)"
"area","x","column (from data_csv)","(required)","year"
"area","y","column (from data_csv)","(required)","purchasing_power"
"area","fill","column (from data_csv)","(required)","group"
"area","sec_y","column (from data_csv)","","unemployment"
"area","sec_type","literal","line/point/col (default: line)","line/point/col (default: line)"
"area","sec_limits","literal","","0;100"
"area","sec_label","literal","","name of the second series"
"area","sec_ylab","literal","","unit of the right axis"
"area","sec_colour","literal","","#e6006e"
"area","sec_linewidth","literal","0.55","0.55"
"area","sec_points","literal","FALSE","FALSE"
"area","sec_point_size","literal","1.6","1.6"
"area","sec_col_width","literal","0.3","0.3"
"area","sec_accuracy","literal","","0.1"
"area","sec_scale_auto","literal","TRUE","TRUE"
"area","sec_at","literal","",""
"area","sec_labels","literal","",""
"area","y_r_scale_auto","literal","",""
"area","y_r_at","literal","",""
"area","y_r_lab","literal","",""
"area","y_r_lim","literal","",""
"area","palette","literal","qualitative","qualitative"
"area","fill_index","literal","","2;6"
"area","index","literal","","use colour_index or fill_index instead"
"area","pct_axis","literal","FALSE","FALSE"
"area","value_accuracy","literal","","0.1"
"area","value_breaks","literal","","0;25;50;75;100"
"area","value_limits","literal","","0;100"
"area","x_lim","literal","","2015;2025"
"area","x_lim_follow_data","literal","FALSE","FALSE"
"area","forecast_x","literal","","2025"
"area","forecast_label","literal","raming","raming"
"area","reverse_legend","literal","TRUE","TRUE"
"area","legend_ncol","literal","","2"
"area","legend_nrow","literal","",""
"area","facet","column (from data_csv)","","region"
"area","facet_ncol","literal","","2"
"area","facet_scales","literal","fixed","fixed"
"area","legend","literal","bottom","bottom"
"area","zeroline","literal","TRUE","TRUE"
"area","minor","literal","FALSE","FALSE"
"area","ticks","literal","TRUE","TRUE"
"area","flush_legend","literal","TRUE","TRUE"
"area","axis_text_size","literal","7","7"
"area","grid_colour","literal","black","black"
"area","grid_linewidth","literal","0.1","0.1"
"area","title","literal","","Title of the figure"
"area","subtitle","literal","","subtitle (replaces the default unit above the figure)"
"area","xlab","literal","","unit below the x axis"
"area","ylab","literal","","% change"
"area","legend_title","literal","","title of the legend"
"area","style","literal","dutch/english (default: dutch)","dutch/english (default: dutch)"
"line","x","column (from data_csv)","(required)","year"
"line","y","column (from data_csv)","(required)","purchasing_power"
"line","colour","column (from data_csv)","","group"
"line","line_colour","literal","","#005faf"
"line","linewidth","literal","0.55","0.55"
"line","points","literal","FALSE","FALSE"
"line","point_size","literal","1.1","1.1"
"line","sec_y","column (from data_csv)","","unemployment"
"line","sec_type","literal","line/point/col (default: line)","line/point/col (default: line)"
"line","sec_limits","literal","","0;100"
"line","sec_label","literal","","name of the second series"
"line","sec_ylab","literal","","unit of the right axis"
"line","sec_colour","literal","","#e6006e"
"line","sec_linewidth","literal","","0.55"
"line","sec_points","literal","FALSE","FALSE"
"line","sec_point_size","literal","1.6","1.6"
"line","sec_col_width","literal","0.3","0.3"
"line","sec_accuracy","literal","","0.1"
"line","sec_scale_auto","literal","TRUE","TRUE"
"line","sec_at","literal","",""
"line","sec_labels","literal","",""
"line","y_r_scale_auto","literal","",""
"line","y_r_at","literal","",""
"line","y_r_lab","literal","",""
"line","y_r_lim","literal","",""
"line","palette","literal","qualitative","qualitative"
"line","colour_index","literal","","2;6"
"line","color_index","literal","","2;6"
"line","index","literal","","use colour_index or fill_index instead"
"line","pct_axis","literal","FALSE","FALSE"
"line","value_accuracy","literal","","0.1"
"line","value_breaks","literal","","0;25;50;75;100"
"line","value_limits","literal","","0;100"
"line","x_lim","literal","","2015;2025"
"line","x_lim_follow_data","literal","TRUE","TRUE"
"line","ymin","column (from data_csv)","","lower_bound"
"line","ymax","column (from data_csv)","","upper_bound"
"line","forecast_x","literal","","2025"
"line","forecast_label","literal","raming","raming"
"line","reverse_legend","literal","FALSE","FALSE"
"line","legend_ncol","literal","","2"
"line","legend_nrow","literal","",""
"line","facet","column (from data_csv)","","region"
"line","facet_ncol","literal","","2"
"line","facet_scales","literal","fixed","fixed"
"line","legend","literal","bottom","bottom"
"line","zeroline","literal","","TRUE"
"line","minor","literal","FALSE","FALSE"
"line","ticks","literal","TRUE","TRUE"
"line","flush_legend","literal","TRUE","TRUE"
"line","axis_text_size","literal","7","7"
"line","grid_colour","literal","black","black"
"line","grid_linewidth","literal","0.1","0.1"
"line","title","literal","","Title of the figure"
"line","subtitle","literal","","subtitle (replaces the default unit above the figure)"
"line","xlab","literal","","unit below the x axis"
"line","ylab","literal","","% change"
"line","legend_title","literal","","title of the legend"
"line","style","literal","dutch/english (default: dutch)","dutch/english (default: dutch)"
"box","x","column (from data_csv)","(required)","year"
"box","p5","column (from data_csv)","(required)","p5"
"box","p25","column (from data_csv)","(required)","p25"
"box","p50","column (from data_csv)","(required)","p50"
"box","p75","column (from data_csv)","(required)","p75"
"box","p95","column (from data_csv)","(required)","p95"
"box","mean","column (from data_csv)","","mean"
"box","fill","column (from data_csv)","","group"
"box","fill_colour","literal","","#005faf"
"box","group","column (from data_csv)","","sector"
"box","group_gap","literal","0.7","0.7"
"box","box_style","literal","ggcpb/james/modern/dot (default: ggcpb)","ggcpb/james/modern/dot (default: ggcpb)"
"box","dot_labels","literal","","p5:bottom 5%;p95:top 5%"
"box","box_labels","literal","","TRUE"
"box","label_accuracy","literal","0.1","0.1"
"box","width","literal","0.5","0.5"
"box","linewidth","literal","0.25","0.25"
"box","palette","literal","qualitative","qualitative"
"box","fill_index","literal","","2;6"
"box","index","literal","","use colour_index or fill_index instead"
"box","pct_axis","literal","FALSE","FALSE"
"box","value_accuracy","literal","","0.1"
"box","value_breaks","literal","","0;25;50;75;100"
"box","value_limits","literal","","0;100"
"box","value_axis","literal","bottom/top (default: bottom)","bottom/top (default: bottom)"
"box","x_lim","literal","","2015;2025"
"box","x_lim_follow_data","literal","TRUE","TRUE"
"box","orientation","literal","vertical/horizontal (default: vertical)","vertical/horizontal (default: vertical)"
"box","sec_y","column (from data_csv)","","unemployment"
"box","sec_type","literal","line/point/col (default: line)","line/point/col (default: line)"
"box","sec_limits","literal","","0;100"
"box","sec_label","literal","","name of the second series"
"box","sec_ylab","literal","","unit of the right axis"
"box","sec_colour","literal","","#e6006e"
"box","sec_linewidth","literal","0.55","0.55"
"box","sec_points","literal","FALSE","FALSE"
"box","sec_point_size","literal","1.6","1.6"
"box","sec_col_width","literal","0.3","0.3"
"box","sec_accuracy","literal","","0.1"
"box","sec_scale_auto","literal","TRUE","TRUE"
"box","sec_at","literal","",""
"box","sec_labels","literal","",""
"box","y_r_scale_auto","literal","",""
"box","y_r_at","literal","",""
"box","y_r_lab","literal","",""
"box","y_r_lim","literal","",""
"box","facet","column (from data_csv)","","region"
"box","facet_ncol","literal","","2"
"box","facet_scales","literal","fixed","fixed"
"box","legend","literal","bottom","bottom"
"box","reverse_legend","literal","FALSE","FALSE"
"box","legend_ncol","literal","","2"
"box","legend_nrow","literal","",""
"box","zeroline","literal","","TRUE"
"box","minor","literal","FALSE","FALSE"
"box","ticks","literal","TRUE","TRUE"
"box","flush_legend","literal","TRUE","TRUE"
"box","axis_text_size","literal","7","7"
"box","grid_colour","literal","black","black"
"box","grid_linewidth","literal","0.1","0.1"
"box","title","literal","","Title of the figure"
"box","subtitle","literal","","subtitle (replaces the default unit above the figure)"
"box","xlab","literal","","unit below the x axis"
"box","ylab","literal","","% change"
"box","legend_title","literal","","title of the legend"
"box","style","literal","dutch/english (default: dutch)","dutch/english (default: dutch)"
"dot","x","column (from data_csv)","(required)","year"
"dot","y","column (from data_csv)","(required)","purchasing_power"
"dot","lower","column (from data_csv)","(required)","lower_bound"
"dot","upper","column (from data_csv)","(required)","upper_bound"
"dot","colour","column (from data_csv)","","group"
"dot","point_colour","literal","","#e6006e"
"dot","group","column (from data_csv)","","sector"
"dot","group_gap","literal","0.7","0.7"
"dot","size","literal","1.4","1.4"
"dot","linewidth","literal","0.4","0.4"
"dot","cap_width","literal","0.25","0.25"
"dot","orientation","literal","horizontal/vertical (default: horizontal)","horizontal/vertical (default: horizontal)"
"dot","sec_y","column (from data_csv)","","unemployment"
"dot","sec_type","literal","line/point/col (default: line)","line/point/col (default: line)"
"dot","sec_limits","literal","","0;100"
"dot","sec_label","literal","","name of the second series"
"dot","sec_ylab","literal","","unit of the right axis"
"dot","sec_colour","literal","","#e6006e"
"dot","sec_linewidth","literal","0.55","0.55"
"dot","sec_points","literal","FALSE","FALSE"
"dot","sec_point_size","literal","size","size"
"dot","sec_col_width","literal","0.3","0.3"
"dot","sec_accuracy","literal","","0.1"
"dot","sec_scale_auto","literal","TRUE","TRUE"
"dot","sec_at","literal","",""
"dot","sec_labels","literal","",""
"dot","y_r_scale_auto","literal","",""
"dot","y_r_at","literal","",""
"dot","y_r_lab","literal","",""
"dot","y_r_lim","literal","",""
"dot","palette","literal","qualitative","qualitative"
"dot","colour_index","literal","","2;6"
"dot","color_index","literal","","2;6"
"dot","index","literal","","use colour_index or fill_index instead"
"dot","pct_axis","literal","FALSE","FALSE"
"dot","value_accuracy","literal","","0.1"
"dot","value_breaks","literal","","0;25;50;75;100"
"dot","value_limits","literal","","0;100"
"dot","x_lim","literal","","2015;2025"
"dot","x_lim_follow_data","literal","TRUE","TRUE"
"dot","zeroline","literal","TRUE","TRUE"
"dot","reverse_legend","literal","FALSE","FALSE"
"dot","legend_ncol","literal","","2"
"dot","legend_nrow","literal","",""
"dot","facet","column (from data_csv)","","region"
"dot","facet_ncol","literal","","2"
"dot","facet_scales","literal","fixed","fixed"
"dot","legend","literal","bottom","bottom"
"dot","minor","literal","FALSE","FALSE"
"dot","ticks","literal","TRUE","TRUE"
"dot","flush_legend","literal","TRUE","TRUE"
"dot","axis_text_size","literal","7","7"
"dot","grid_colour","literal","black","black"
"dot","grid_linewidth","literal","0.1","0.1"
"dot","title","literal","","Title of the figure"
"dot","subtitle","literal","","subtitle (replaces the default unit above the figure)"
"dot","xlab","literal","","unit below the x axis"
"dot","ylab","literal","","% change"
"dot","legend_title","literal","","title of the legend"
"dot","style","literal","dutch/english (default: dutch)","dutch/english (default: dutch)"
"scatter","x","column (from data_csv)","(required)","year"
"scatter","y","column (from data_csv)","(required)","purchasing_power"
"scatter","colour","column (from data_csv)","","group"
"scatter","point_colour","literal","","#e6006e"
"scatter","size","literal","0.8","0.8"
"scatter","palette","literal","qualitative","qualitative"
"scatter","colour_index","literal","","2;6"
"scatter","color_index","literal","","2;6"
"scatter","index","literal","","use colour_index or fill_index instead"
"scatter","x_lim","literal","","2015;2025"
"scatter","x_lim_follow_data","literal","FALSE","FALSE"
"scatter","forecast_x","literal","","2025"
"scatter","forecast_label","literal","raming","raming"
"scatter","reverse_legend","literal","FALSE","FALSE"
"scatter","legend_ncol","literal","","2"
"scatter","legend_nrow","literal","",""
"scatter","facet","column (from data_csv)","","region"
"scatter","facet_ncol","literal","","2"
"scatter","facet_scales","literal","fixed","fixed"
"scatter","legend","literal","bottom","bottom"
"scatter","zeroline","literal","","TRUE"
"scatter","minor","literal","FALSE","FALSE"
"scatter","ticks","literal","TRUE","TRUE"
"scatter","flush_legend","literal","TRUE","TRUE"
"scatter","axis_text_size","literal","7","7"
"scatter","grid_colour","literal","black","black"
"scatter","grid_linewidth","literal","0.1","0.1"
"scatter","title","literal","","Title of the figure"
"scatter","subtitle","literal","","subtitle (replaces the default unit above the figure)"
"scatter","xlab","literal","","unit below the x axis"
"scatter","ylab","literal","","% change"
"scatter","legend_title","literal","","title of the legend"
"scatter","style","literal","dutch/english (default: dutch)","dutch/english (default: dutch)"
"hist","x","column (from data_csv)","(required)","year"
"hist","fill","column (from data_csv)","","group"
"hist","fill_colour","literal","","#005faf"
"hist","binwidth","literal","","5"
"hist","bins","literal","","30"
"hist","outline","literal","white","white"
"hist","position","literal","stack","stack"
"hist","palette","literal","qualitative","qualitative"
"hist","fill_index","literal","","2;6"
"hist","index","literal","","use colour_index or fill_index instead"
"hist","x_lim","literal","","2015;2025"
"hist","x_lim_follow_data","literal","FALSE","FALSE"
"hist","reverse_legend","literal","TRUE","TRUE"
"hist","legend_ncol","literal","","2"
"hist","legend_nrow","literal","",""
"hist","facet","column (from data_csv)","","region"
"hist","facet_ncol","literal","","2"
"hist","facet_scales","literal","fixed","fixed"
"hist","legend","literal","bottom","bottom"
"hist","zeroline","literal","TRUE","TRUE"
"hist","minor","literal","FALSE","FALSE"
"hist","ticks","literal","TRUE","TRUE"
"hist","flush_legend","literal","TRUE","TRUE"
"hist","axis_text_size","literal","7","7"
"hist","grid_colour","literal","black","black"
"hist","grid_linewidth","literal","0.1","0.1"
"hist","title","literal","","Title of the figure"
"hist","subtitle","literal","","subtitle (replaces the default unit above the figure)"
"hist","xlab","literal","","unit below the x axis"
"hist","ylab","literal","","% change"
"hist","legend_title","literal","","title of the legend"
"hist","style","literal","dutch/english (default: dutch)","dutch/english (default: dutch)"
"donut","fill","column (from data_csv)","(required)","group"
"donut","y","column (from data_csv)","(required)","purchasing_power"
"donut","label","column (from data_csv)","","name"
"donut","wedge_labels","literal","TRUE","TRUE"
"donut","label_style","literal","wedge/leader (default: wedge)","wedge/leader (default: wedge)"
"donut","label_colour","literal","black","black"
"donut","leader_length","literal","0.15","0.15"
"donut","legend_pct","literal","FALSE","FALSE"
"donut","label_accuracy","literal","1","1"
"donut","ring_width","literal","0.6","0.6"
"donut","panel_size","literal","1.8","1.8"
"donut","palette","literal","qualitative","qualitative"
"donut","index","literal","","use colour_index or fill_index instead"
"donut","reverse_legend","literal","FALSE","FALSE"
"donut","legend_ncol","literal","","2"
"donut","legend_nrow","literal","",""
"donut","legend","literal","bottom","bottom"
"donut","flush_legend","literal","TRUE","TRUE"
"donut","title","literal","","Title of the figure"
"donut","subtitle","literal","","subtitle (replaces the default unit above the figure)"
"donut","legend_title","literal","","title of the legend"
